,0
0,私は #カレーチキン隊 に入隊して夏バテを乗り切る！あなたはどっち？選んでツイート&amp;もれなくクーポン付き入隊証明書が当たる！さらにマックカードが当たるチャンスも！？ #スパイシーヒーロー 7/31(水)発売！… https://t.co/livWXHvP9t
1,@ssicbm ご入隊ありがとうございます✨ #スパイシーヒーロー #スパイシービーフ隊 の入隊証明書 兼 クーポンをお届け😎 さらに！隊員番号の下1桁が3・8・1・4(スパイシー)の人、160(ヒーロー)名に、抽選でマックカード… https://t.co/fTULobHBpK
2,@na18mo24 ご入隊ありがとうございます✨ #スパイシーヒーロー #スパイシービーフ隊 の入隊証明書 兼 クーポンをお届け😎 さらに！隊員番号の下1桁が3・8・1・4(スパイシー)の人、160(ヒーロー)名に、抽選でマックカ… https://t.co/AuYQbph8H1
3,RT @JakeWebber9: can someone drive me to mcdonalds my house and car keys are still in the ubers car
4,"RT @CNBC: McDonald's is synonymous with fast-food in many parts of the world, but there is one country where it's failed to capture nationa…"
5,@twelvedied mcdonalds big W tf?
6,@cannabi0504 ご入隊ありがとうございます✨ #スパイシーヒーロー #カレーチキン隊 の入隊証明書 兼 クーポンをお届け😎 さらに！隊員番号の下1桁が3・8・1・4(スパイシー)の人、160(ヒーロー)名に、抽選でマック… https://t.co/vwgHCI1wWH
7,@pgmyvxhad ご入隊ありがとうございます✨ #スパイシーヒーロー #カレーチキン隊 の入隊証明書 兼 クーポンをお届け😎 さらに！隊員番号の下1桁が3・8・1・4(スパイシー)の人、160(ヒーロー)名に、抽選でマックカー… https://t.co/WfJN6eN9eg
8,私は #カレーチキン隊 に入隊して夏バテを乗り切る！あなたはどっち？選んでツイート&amp;もれなくクーポン付き入隊証明書が当たる！さらにマックカードが当たるチャンスも！？ #スパイシーヒーロー 7/31(水)発売！… https://t.co/lurFPckMSf
9,RT @sandofsky: Facebook will pivot into privacy like McDonalds pivoted into salads.
10,RT @kikyou70230120: 私は #スパイシービーフ隊 に入隊して夏バテを乗り切る！あなたはどっち？選んでツイート&amp;もれなくクーポン付き入隊証明書が当たる！さらにマックカードが当たるチャンスも！？ #スパイシーヒーロー 7/31(水)発売！ https://t.co…
11,@358u_u ご入隊ありがとうございます✨ #スパイシーヒーロー #スパイシービーフ隊 の入隊証明書 兼 クーポンをお届け😎 さらに！隊員番号の下1桁が3・8・1・4(スパイシー)の人、160(ヒーロー)名に、抽選でマックカード… https://t.co/LnHKVFdjPL
12,"Ever Wondered,why America's Burger made it globally and India Vada Pav not....?!
@BurgeT 
@MumbaiMirror 
@McDonalds"
13,私は #スパイシービーフ隊 に入隊して夏バテを乗り切る！あなたはどっち？選んでツイート&amp;もれなくクーポン付き入隊証明書が当たる！さらにマックカードが当たるチャンスも！？ #スパイシーヒーロー 7/31(水)発売！… https://t.co/cKbGKLPHUD
14,fuck mcdonalds
15,@5hO2uS0tubLnezu ご入隊ありがとうございます✨ #スパイシーヒーロー #カレーチキン隊 の入隊証明書 兼 クーポンをお届け😎 さらに！隊員番号の下1桁が3・8・1・4(スパイシー)の人、160(ヒーロー)名に、抽選… https://t.co/yE9dZU8MBb
16,@reinbow100 ご入隊ありがとうございます✨ #スパイシーヒーロー #スパイシービーフ隊 の入隊証明書 兼 クーポンをお届け😎 さらに！隊員番号の下1桁が3・8・1・4(スパイシー)の人、160(ヒーロー)名に、抽選でマッ… https://t.co/DjloQedkCh
17,RT @JakeWebber9: can someone drive me to mcdonalds my house and car keys are still in the ubers car
18,@ThRk2254 ご入隊ありがとうございます✨ #スパイシーヒーロー #カレーチキン隊 の入隊証明書 兼 クーポンをお届け😎 さらに！隊員番号の下1桁が3・8・1・4(スパイシー)の人、160(ヒーロー)名に、抽選でマックカード… https://t.co/CzTGGJZdIw
19,私は #カレーチキン隊 に入隊して夏バテを乗り切る！あなたはどっち？選んでツイート&amp;もれなくクーポン付き入隊証明書が当たる！さらにマックカードが当たるチャンスも！？ #スパイシーヒーロー 7/31(水)発売！… https://t.co/eTk1MBUAyG
20,私は #スパイシービーフ隊 に入隊して夏バテを乗り切る！あなたはどっち？選んでツイート&amp;もれなくクーポン付き入隊証明書が当たる！さらにマックカードが当たるチャンスも！？ #スパイシーヒーロー 7/31(水)発売！… https://t.co/hRptEicS10
21,JUST REMINDJNG U ABOUT MCDONALDS :)
22,@ACCA13kukansatu ご入隊ありがとうございます✨ #スパイシーヒーロー #スパイシービーフ隊 の入隊証明書 兼 クーポンをお届け😎 さらに！隊員番号の下1桁が3・8・1・4(スパイシー)の人、160(ヒーロー)名に、… https://t.co/qeb9B3yIq9
23,@_battalion ご入隊ありがとうございます✨ #スパイシーヒーロー #スパイシービーフ隊 の入隊証明書 兼 クーポンをお届け😎 さらに！隊員番号の下1桁が3・8・1・4(スパイシー)の人、160(ヒーロー)名に、抽選でマッ… https://t.co/MHvfHHQo6f
24,@riririno12 ご入隊ありがとうございます✨ #スパイシーヒーロー #カレーチキン隊 の入隊証明書 兼 クーポンをお届け😎 さらに！隊員番号の下1桁が3・8・1・4(スパイシー)の人、160(ヒーロー)名に、抽選でマックカ… https://t.co/DYnyiWzstV
25,@cosmos_village ご入隊ありがとうございます✨ #スパイシーヒーロー #カレーチキン隊 の入隊証明書 兼 クーポンをお届け😎 さらに！隊員番号の下1桁が3・8・1・4(スパイシー)の人、160(ヒーロー)名に、抽選で… https://t.co/g2bCsLfLHw
26,私は #スパイシービーフ隊 に入隊して夏バテを乗り切る！あなたはどっち？選んでツイート&amp;もれなくクーポン付き入隊証明書が当たる！さらにマックカードが当たるチャンスも！？ #スパイシーヒーロー 7/31(水)発売！… https://t.co/vBlZaiLhKw
27,私は #スパイシービーフ隊 に入隊して夏バテを乗り切る！あなたはどっち？選んでツイート&amp;もれなくクーポン付き入隊証明書が当たる！さらにマックカードが当たるチャンスも！？ #スパイシーヒーロー 7/31(水)発売！… https://t.co/pBAqEPzKzT
28,私は #カレーチキン隊 に入隊して夏バテを乗り切る！あなたはどっち？選んでツイート&amp;もれなくクーポン付き入隊証明書が当たる！さらにマックカードが当たるチャンスも！？ #スパイシーヒーロー 7/31(水)発売！… https://t.co/BTvxohDQSi
29,@Tks403 ご入隊ありがとうございます✨ #スパイシーヒーロー #カレーチキン隊 の入隊証明書 兼 クーポンをお届け😎 さらに！隊員番号の下1桁が3・8・1・4(スパイシー)の人、160(ヒーロー)名に、抽選でマックカード10… https://t.co/Zpxfp1OywQ
30,@ms14_tvxq ご入隊ありがとうございます✨ #スパイシーヒーロー #カレーチキン隊 の入隊証明書 兼 クーポンをお届け😎 さらに！隊員番号の下1桁が3・8・1・4(スパイシー)の人、160(ヒーロー)名に、抽選でマックカー… https://t.co/aleKguzP4t
31,私は #カレーチキン隊 に入隊して夏バテを乗り切る！あなたはどっち？選んでツイート&amp;もれなくクーポン付き入隊証明書が当たる！さらにマックカードが当たるチャンスも！？ #スパイシーヒーロー 7/31(水)発売！… https://t.co/SgQSMRf4NM
32,@aquarius_garnet ご入隊ありがとうございます✨ #スパイシーヒーロー #スパイシービーフ隊 の入隊証明書 兼 クーポンをお届け😎 さらに！隊員番号の下1桁が3・8・1・4(スパイシー)の人、160(ヒーロー)名に、… https://t.co/VBc9FDSK3C
33,@mochita1115 ご入隊ありがとうございます✨ #スパイシーヒーロー #カレーチキン隊 の入隊証明書 兼 クーポンをお届け😎 さらに！隊員番号の下1桁が3・8・1・4(スパイシー)の人、160(ヒーロー)名に、抽選でマック… https://t.co/osEo28QQxT
34,@eagle99848316 ご入隊ありがとうございます✨ #スパイシーヒーロー #スパイシービーフ隊 の入隊証明書 兼 クーポンをお届け😎 さらに！隊員番号の下1桁が3・8・1・4(スパイシー)の人、160(ヒーロー)名に、抽選… https://t.co/HK4TLvqbd2
35,私は #スパイシービーフ隊 に入隊して夏バテを乗り切る！あなたはどっち？選んでツイート&amp;もれなくクーポン付き入隊証明書が当たる！さらにマックカードが当たるチャンスも！？ #スパイシーヒーロー 7/31(水)発売！… https://t.co/9Y9QlRAMsp
36,私は #スパイシービーフ隊 に入隊して夏バテを乗り切る！あなたはどっち？選んでツイート&amp;もれなくクーポン付き入隊証明書が当たる！さらにマックカードが当たるチャンスも！？ #スパイシーヒーロー 7/31(水)発売！… https://t.co/iKpueE9AUl
37,私は #カレーチキン隊 に入隊して夏バテを乗り切る！あなたはどっち？選んでツイート&amp;もれなくクーポン付き入隊証明書が当たる！さらにマックカードが当たるチャンスも！？ #スパイシーヒーロー 7/31(水)発売！… https://t.co/crfKECBlet
38,@8b_ms ご入隊ありがとうございます✨ #スパイシーヒーロー #カレーチキン隊 の入隊証明書 兼 クーポンをお届け😎 さらに！隊員番号の下1桁が3・8・1・4(スパイシー)の人、160(ヒーロー)名に、抽選でマックカード100… https://t.co/724xWYj384
39,@smith_tttt ご入隊ありがとうございます✨ #スパイシーヒーロー #スパイシービーフ隊 の入隊証明書 兼 クーポンをお届け😎 さらに！隊員番号の下1桁が3・8・1・4(スパイシー)の人、160(ヒーロー)名に、抽選でマッ… https://t.co/DXJDLkQnHi
40,"RT @CNBC: McDonald's is synonymous with fast-food in many parts of the world, but there is one country where it's failed to capture nationa…"
41,RT @josukekeke: O H AH OH  HH A HAVA H  AHEVEN MCDONALD https://t.co/8W5XK71E6N
42,@realDonaldTrump I didn't know McDonalds served cheap wine.
43,"RT @CNBC: McDonald's is synonymous with fast-food in many parts of the world, but there is one country where it's failed to capture nationa…"
44,@JINYUI679 ご入隊ありがとうございます✨ #スパイシーヒーロー #カレーチキン隊 の入隊証明書 兼 クーポンをお届け😎 さらに！隊員番号の下1桁が3・8・1・4(スパイシー)の人、160(ヒーロー)名に、抽選でマックカー… https://t.co/mjKkjRdz1C
45,@ushi210ushi ご入隊ありがとうございます✨ #スパイシーヒーロー #スパイシービーフ隊 の入隊証明書 兼 クーポンをお届け😎 さらに！隊員番号の下1桁が3・8・1・4(スパイシー)の人、160(ヒーロー)名に、抽選でマ… https://t.co/YFaojd3Dqw
46,私は #スパイシービーフ隊 に入隊して夏バテを乗り切る！あなたはどっち？選んでツイート&amp;もれなくクーポン付き入隊証明書が当たる！さらにマックカードが当たるチャンスも！？ #スパイシーヒーロー 7/31(水)発売！… https://t.co/GPAuDwvlUc
47,@aritumemoon ご入隊ありがとうございます✨ #スパイシーヒーロー #スパイシービーフ隊 の入隊証明書 兼 クーポンをお届け😎 さらに！隊員番号の下1桁が3・8・1・4(スパイシー)の人、160(ヒーロー)名に、抽選でマ… https://t.co/zX2cgswXLy
48,私は #スパイシービーフ隊 に入隊して夏バテを乗り切る！あなたはどっち？選んでツイート&amp;もれなくクーポン付き入隊証明書が当たる！さらにマックカードが当たるチャンスも！？ #スパイシーヒーロー 7/31(水)発売！… https://t.co/WpIZgFL8n0
49,"RT @HardDriveMag: Nintendo Executive Solemnly Reports Last N64 at Shitty McDonald’s Has Finally Stopped Working

https://t.co/HOkeCj4ITc"
